INSERT INTO t_faculty (id, name, director) VALUES 
('11111111-1111-1111-1111-111111111001', 'Faculty of Applied Mathematics', 'Dr. John Carter'),
('11111111-1111-1111-1111-111111111002', 'Faculty of Computer Science', 'Dr. Emily Stone'),
('11111111-1111-1111-1111-111111111003', 'Faculty of Physics', 'Dr. Albert Newton'),
('11111111-1111-1111-1111-111111111004', 'Faculty of Chemistry', 'Dr. Marie Curie'),
('11111111-1111-1111-1111-111111111005', 'Faculty of Biology', 'Dr. Charles Darwin'),
('11111111-1111-1111-1111-111111111006', 'Faculty of Mechanical Engineering', 'Dr. Nikola Tesla'),
('11111111-1111-1111-1111-111111111007', 'Faculty of Civil Engineering', 'Dr. Isambard Kingdom Brunel'),
('11111111-1111-1111-1111-111111111008', 'Faculty of Business Administration', 'Dr. Warren Buffet'),
('11111111-1111-1111-1111-111111111009', 'Faculty of Economics', 'Dr. Adam Smith'),
('11111111-1111-1111-1111-111111111010', 'Faculty of Law', 'Dr. Ruth Bader Ginsburg'),
('11111111-1111-1111-1111-111111111011', 'Faculty of History', 'Dr. Howard Zinn'),
('11111111-1111-1111-1111-111111111012', 'Faculty of Literature', 'Dr. Jane Austen'),
('11111111-1111-1111-1111-111111111013', 'Faculty of Arts', 'Dr. Pablo Picasso'),
('11111111-1111-1111-1111-111111111014', 'Faculty of Social Sciences', 'Dr. Amartya Sen'),
('11111111-1111-1111-1111-111111111015', 'Faculty of Engineering', 'Dr. Grace Hopper');


INSERT INTO t_student (id, faculty_id, first_name, second_name, year) VALUES
('22222222-2222-2222-2222-222222222001', '11111111-1111-1111-1111-111111111001', 'Alice', 'Anderson', 1),
('22222222-2222-2222-2222-222222222002', '11111111-1111-1111-1111-111111111002', 'Bob', 'Brown', 2),
('22222222-2222-2222-2222-222222222003', '11111111-1111-1111-1111-111111111003', 'Charlie', 'Clark', 3),
('22222222-2222-2222-2222-222222222004', '11111111-1111-1111-1111-111111111004', 'Diana', 'Davis', 1),
('22222222-2222-2222-2222-222222222005', '11111111-1111-1111-1111-111111111005', 'Evan', 'Edwards', 2),
('22222222-2222-2222-2222-222222222006', '11111111-1111-1111-1111-111111111006', 'Fiona', 'Foster', 3),
('22222222-2222-2222-2222-222222222007', '11111111-1111-1111-1111-111111111007', 'George', 'Green', 1),
('22222222-2222-2222-2222-222222222008', '11111111-1111-1111-1111-111111111008', 'Hannah', 'Hill', 2),
('22222222-2222-2222-2222-222222222009', '11111111-1111-1111-1111-111111111009', 'Ian', 'Irwin', 3),
('22222222-2222-2222-2222-222222222010', '11111111-1111-1111-1111-111111111010', 'Jane', 'Jones', 1),
('22222222-2222-2222-2222-222222222011', '11111111-1111-1111-1111-111111111011', 'Karl', 'King', 2),
('22222222-2222-2222-2222-222222222012', '11111111-1111-1111-1111-111111111012', 'Laura', 'Lopez', 3),
('22222222-2222-2222-2222-222222222013', '11111111-1111-1111-1111-111111111013', 'Mike', 'Morris', 1),
('22222222-2222-2222-2222-222222222014', '11111111-1111-1111-1111-111111111014', 'Nina', 'Nelson', 2),
('22222222-2222-2222-2222-222222222015', '11111111-1111-1111-1111-111111111015', 'Oscar', 'Owens', 3);


INSERT INTO t_department (id, faculty_id, name, head) VALUES
('33333333-3333-3333-3333-333333333001', '11111111-1111-1111-1111-111111111001', 'Department of Discrete Mathematics', 'Dr. Alan Turing'),
('33333333-3333-3333-3333-333333333002', '11111111-1111-1111-1111-111111111002', 'Department of Theoretical Computer Science', 'Dr. Edsger Dijkstra'),
('33333333-3333-3333-3333-333333333003', '11111111-1111-1111-1111-111111111003', 'Department of Quantum Physics', 'Dr. Richard Feynman'),
('33333333-3333-3333-3333-333333333004', '11111111-1111-1111-1111-111111111004', 'Department of Organic Chemistry', 'Dr. Linus Pauling'),
('33333333-3333-3333-3333-333333333005', '11111111-1111-1111-1111-111111111005', 'Department of Molecular Biology', 'Dr. Rosalind Franklin'),
('33333333-3333-3333-3333-333333333006', '11111111-1111-1111-1111-111111111006', 'Department of Thermodynamics', 'Dr. Sadi Carnot'),
('33333333-3333-3333-3333-333333333007', '11111111-1111-1111-1111-111111111007', 'Department of Structural Engineering', 'Dr. Fazlur Rahman Khan'),
('33333333-3333-3333-3333-333333333008', '11111111-1111-1111-1111-111111111008', 'Department of Business Management', 'Dr. Peter Drucker'),
('33333333-3333-3333-3333-333333333009', '11111111-1111-1111-1111-111111111009', 'Department of Econometrics', 'Dr. Jan Tinbergen'),
('33333333-3333-3333-3333-333333333010', '11111111-1111-1111-1111-111111111010', 'Department of Constitutional Law', 'Dr. Antonin Scalia'),
('33333333-3333-3333-3333-333333333011', '11111111-1111-1111-1111-111111111011', 'Department of Ancient History', 'Dr. Mary Beard'),
('33333333-3333-3333-3333-333333333012', '11111111-1111-1111-1111-111111111012', 'Department of Comparative Literature', 'Dr. Umberto Eco'),
('33333333-3333-3333-3333-333333333013', '11111111-1111-1111-1111-111111111013', 'Department of Fine Arts', 'Dr. Leonardo da Vinci'),
('33333333-3333-3333-3333-333333333014', '11111111-1111-1111-1111-111111111014', 'Department of Sociology', 'Dr. Max Weber'),
('33333333-3333-3333-3333-333333333015', '11111111-1111-1111-1111-111111111015', 'Department of Robotics', 'Dr. Rodney Brooks');


INSERT INTO t_course (id, department_id, name, year) VALUES
('44444444-4444-4444-4444-444444444001', '33333333-3333-3333-3333-333333333001', 'Graph Theory', 2),
('44444444-4444-4444-4444-444444444002', '33333333-3333-3333-3333-333333333002', 'Algorithms', 2),
('44444444-4444-4444-4444-444444444003', '33333333-3333-3333-3333-333333333003', 'Quantum Mechanics', 3),
('44444444-4444-4444-4444-444444444004', '33333333-3333-3333-3333-333333333004', 'Organic Synthesis', 3),
('44444444-4444-4444-4444-444444444005', '33333333-3333-3333-3333-333333333005', 'Genetics', 2),
('44444444-4444-4444-4444-444444444006', '33333333-3333-3333-3333-333333333006', 'Heat Transfer', 1),
('44444444-4444-4444-4444-444444444007', '33333333-3333-3333-3333-333333333007', 'Structural Analysis', 3),
('44444444-4444-4444-4444-444444444008', '33333333-3333-3333-3333-333333333008', 'Strategic Management', 3),
('44444444-4444-4444-4444-444444444009', '33333333-3333-3333-3333-333333333009', 'Econometrics', 2),
('44444444-4444-4444-4444-444444444010', '33333333-3333-3333-3333-333333333010', 'Legal Studies', 1),
('44444444-4444-4444-4444-444444444011', '33333333-3333-3333-3333-333333333011', 'World History', 1),
('44444444-4444-4444-4444-444444444012', '33333333-3333-3333-3333-333333333012', 'Modern Literature', 2),
('44444444-4444-4444-4444-444444444013', '33333333-3333-3333-3333-333333333013', 'Art History', 1),
('44444444-4444-4444-4444-444444444014', '33333333-3333-3333-3333-333333333014', 'Sociological Theory', 3),
('44444444-4444-4444-4444-444444444015', '33333333-3333-3333-3333-333333333015', 'Robotics Fundamentals', 2),
('44444444-4444-4444-4444-444444444016', '33333333-3333-3333-3333-333333333001', 'Numerical Methods', 2),
('44444444-4444-4444-4444-444444444017', '33333333-3333-3333-3333-333333333002', 'Data Structures', 2),
('44444444-4444-4444-4444-444444444018', '33333333-3333-3333-3333-333333333003', 'Statistical Mechanics', 3),
('44444444-4444-4444-4444-444444444019', '33333333-3333-3333-3333-333333333004', 'Analytical Chemistry', 3),
('44444444-4444-4444-4444-444444444020', '33333333-3333-3333-3333-333333333005', 'Cell Biology', 1),
('44444444-4444-4444-4444-444444444021', '33333333-3333-3333-3333-333333333006', 'Fluid Mechanics', 1),
('44444444-4444-4444-4444-444444444022', '33333333-3333-3333-3333-333333333007', 'Bridge Engineering', 3),
('44444444-4444-4444-4444-444444444023', '33333333-3333-3333-3333-333333333008', 'Entrepreneurship', 2),
('44444444-4444-4444-4444-444444444024', '33333333-3333-3333-3333-333333333009', 'Microeconomics', 1),
('44444444-4444-4444-4444-444444444025', '33333333-3333-3333-3333-333333333010', 'Criminal Law', 1),
('44444444-4444-4444-4444-444444444026', '33333333-3333-3333-3333-333333333011', 'Medieval History', 2),
('44444444-4444-4444-4444-444444444027', '33333333-3333-3333-3333-333333333012', 'Modern Poetry', 2),
('44444444-4444-4444-4444-444444444028', '33333333-3333-3333-3333-333333333013', 'Sculpture', 1),
('44444444-4444-4444-4444-444444444029', '33333333-3333-3333-3333-333333333014', 'Cultural Studies', 3),
('44444444-4444-4444-4444-444444444030', '33333333-3333-3333-3333-333333333015', 'Artificial Intelligence', 2);


INSERT INTO t_lecturer (id, first_name, second_name, degree) VALUES
('55555555-5555-5555-5555-555555555001', 'John', 'Doe', 'assistant'),
('55555555-5555-5555-5555-555555555002', 'Emily', 'Stone', 'associate_professor'),
('55555555-5555-5555-5555-555555555003', 'Robert', 'Smith', 'professor'),
('55555555-5555-5555-5555-555555555004', 'Jessica', 'Jones', 'assistant'),
('55555555-5555-5555-5555-555555555005', 'Michael', 'Brown', 'associate_professor'),
('55555555-5555-5555-5555-555555555006', 'Sarah', 'Davis', 'professor'),
('55555555-5555-5555-5555-555555555007', 'David', 'Wilson', 'assistant'),
('55555555-5555-5555-5555-555555555008', 'Laura', 'Taylor', 'associate_professor'),
('55555555-5555-5555-5555-555555555009', 'Daniel', 'Anderson', 'professor'),
('55555555-5555-5555-5555-555555555010', 'Anna', 'Thomas', 'assistant'),
('55555555-5555-5555-5555-555555555011', 'Paul', 'Jackson', 'associate_professor'),
('55555555-5555-5555-5555-555555555012', 'Karen', 'White', 'professor'),
('55555555-5555-5555-5555-555555555013', 'Steven', 'Harris', 'assistant'),
('55555555-5555-5555-5555-555555555014', 'Olivia', 'Martin', 'associate_professor'),
('55555555-5555-5555-5555-555555555015', 'Mark', 'Thompson', 'professor'),
('55555555-5555-5555-5555-555555555016', 'Victor', 'Romanov', 'assistant'),
('55555555-5555-5555-5555-555555555017', 'Sofia', 'Kovalev', 'associate_professor'),
('55555555-5555-5555-5555-555555555018', 'Leonid', 'Petrov', 'professor'),
('55555555-5555-5555-5555-555555555019', 'Irina', 'Smirnova', 'assistant'),
('55555555-5555-5555-5555-555555555020', 'Maxim', 'Volkov', 'associate_professor');


INSERT INTO t_student_to_course (id, student_id, course_id, obligation) VALUES
('66666666-6666-6666-6666-666666666001', '22222222-2222-2222-2222-222222222001', '44444444-4444-4444-4444-444444444001', 'mandatory'),
('66666666-6666-6666-6666-666666666002', '22222222-2222-2222-2222-222222222002', '44444444-4444-4444-4444-444444444002', 'elective'),
('66666666-6666-6666-6666-666666666003', '22222222-2222-2222-2222-222222222003', '44444444-4444-4444-4444-444444444003', 'auditing'),
('66666666-6666-6666-6666-666666666004', '22222222-2222-2222-2222-222222222004', '44444444-4444-4444-4444-444444444004', 'mandatory'),
('66666666-6666-6666-6666-666666666005', '22222222-2222-2222-2222-222222222005', '44444444-4444-4444-4444-444444444005', 'elective'),
('66666666-6666-6666-6666-666666666006', '22222222-2222-2222-2222-222222222006', '44444444-4444-4444-4444-444444444006', 'auditing'),
('66666666-6666-6666-6666-666666666007', '22222222-2222-2222-2222-222222222007', '44444444-4444-4444-4444-444444444007', 'mandatory'),
('66666666-6666-6666-6666-666666666008', '22222222-2222-2222-2222-222222222008', '44444444-4444-4444-4444-444444444008', 'elective'),
('66666666-6666-6666-6666-666666666009', '22222222-2222-2222-2222-222222222009', '44444444-4444-4444-4444-444444444009', 'auditing'),
('66666666-6666-6666-6666-666666666010', '22222222-2222-2222-2222-222222222010', '44444444-4444-4444-4444-444444444010', 'mandatory'),
('66666666-6666-6666-6666-666666666011', '22222222-2222-2222-2222-222222222011', '44444444-4444-4444-4444-444444444011', 'elective'),
('66666666-6666-6666-6666-666666666012', '22222222-2222-2222-2222-222222222012', '44444444-4444-4444-4444-444444444012', 'auditing'),
('66666666-6666-6666-6666-666666666013', '22222222-2222-2222-2222-222222222013', '44444444-4444-4444-4444-444444444013', 'mandatory'),
('66666666-6666-6666-6666-666666666014', '22222222-2222-2222-2222-222222222014', '44444444-4444-4444-4444-444444444014', 'elective'),
('66666666-6666-6666-6666-666666666015', '22222222-2222-2222-2222-222222222015', '44444444-4444-4444-4444-444444444015', 'auditing'),
('66666666-6666-6666-6666-666666666016', '22222222-2222-2222-2222-222222222001', '44444444-4444-4444-4444-444444444003', 'mandatory'),
('66666666-6666-6666-6666-666666666017', '22222222-2222-2222-2222-222222222002', '44444444-4444-4444-4444-444444444004', 'elective'),
('66666666-6666-6666-6666-666666666018', '22222222-2222-2222-2222-222222222003', '44444444-4444-4444-4444-444444444005', 'auditing'),
('66666666-6666-6666-6666-666666666019', '22222222-2222-2222-2222-222222222004', '44444444-4444-4444-4444-444444444006', 'mandatory'),
('66666666-6666-6666-6666-666666666020', '22222222-2222-2222-2222-222222222005', '44444444-4444-4444-4444-444444444007', 'elective'),
('66666666-6666-6666-6666-666666666021', '22222222-2222-2222-2222-222222222006', '44444444-4444-4444-4444-444444444008', 'auditing'),
('66666666-6666-6666-6666-666666666022', '22222222-2222-2222-2222-222222222007', '44444444-4444-4444-4444-444444444009', 'mandatory'),
('66666666-6666-6666-6666-666666666023', '22222222-2222-2222-2222-222222222008', '44444444-4444-4444-4444-444444444010', 'elective'),
('66666666-6666-6666-6666-666666666024', '22222222-2222-2222-2222-222222222009', '44444444-4444-4444-4444-444444444011', 'auditing'),
('66666666-6666-6666-6666-666666666025', '22222222-2222-2222-2222-222222222010', '44444444-4444-4444-4444-444444444012', 'mandatory'),
('66666666-6666-6666-6666-666666666026', '22222222-2222-2222-2222-222222222011', '44444444-4444-4444-4444-444444444013', 'elective'),
('66666666-6666-6666-6666-666666666027', '22222222-2222-2222-2222-222222222012', '44444444-4444-4444-4444-444444444014', 'auditing'),
('66666666-6666-6666-6666-666666666028', '22222222-2222-2222-2222-222222222013', '44444444-4444-4444-4444-444444444015', 'mandatory'),
('66666666-6666-6666-6666-666666666029', '22222222-2222-2222-2222-222222222014', '44444444-4444-4444-4444-444444444001', 'elective'),
('66666666-6666-6666-6666-666666666030', '22222222-2222-2222-2222-222222222015', '44444444-4444-4444-4444-444444444002', 'auditing'),
('66666666-6666-6666-6666-666666666031', '22222222-2222-2222-2222-222222222001', '44444444-4444-4444-4444-444444444016', 'mandatory'),
('66666666-6666-6666-6666-666666666032', '22222222-2222-2222-2222-222222222002', '44444444-4444-4444-4444-444444444017', 'elective'),
('66666666-6666-6666-6666-666666666033', '22222222-2222-2222-2222-222222222003', '44444444-4444-4444-4444-444444444018', 'auditing'),
('66666666-6666-6666-6666-666666666034', '22222222-2222-2222-2222-222222222004', '44444444-4444-4444-4444-444444444019', 'mandatory'),
('66666666-6666-6666-6666-666666666035', '22222222-2222-2222-2222-222222222005', '44444444-4444-4444-4444-444444444020', 'elective'),
('66666666-6666-6666-6666-666666666036', '22222222-2222-2222-2222-222222222006', '44444444-4444-4444-4444-444444444021', 'auditing'),
('66666666-6666-6666-6666-666666666037', '22222222-2222-2222-2222-222222222007', '44444444-4444-4444-4444-444444444022', 'mandatory'),
('66666666-6666-6666-6666-666666666038', '22222222-2222-2222-2222-222222222008', '44444444-4444-4444-4444-444444444023', 'elective'),
('66666666-6666-6666-6666-666666666039', '22222222-2222-2222-2222-222222222009', '44444444-4444-4444-4444-444444444024', 'auditing'),
('66666666-6666-6666-6666-666666666040', '22222222-2222-2222-2222-222222222010', '44444444-4444-4444-4444-444444444025', 'mandatory'),
('66666666-6666-6666-6666-666666666041', '22222222-2222-2222-2222-222222222011', '44444444-4444-4444-4444-444444444026', 'elective'),
('66666666-6666-6666-6666-666666666042', '22222222-2222-2222-2222-222222222012', '44444444-4444-4444-4444-444444444027', 'auditing'),
('66666666-6666-6666-6666-666666666043', '22222222-2222-2222-2222-222222222013', '44444444-4444-4444-4444-444444444028', 'mandatory'),
('66666666-6666-6666-6666-666666666044', '22222222-2222-2222-2222-222222222014', '44444444-4444-4444-4444-444444444029', 'elective'),
('66666666-6666-6666-6666-666666666045', '22222222-2222-2222-2222-222222222015', '44444444-4444-4444-4444-444444444030', 'auditing'),
('66666666-6666-6666-6666-666666666046', '22222222-2222-2222-2222-222222222001', '44444444-4444-4444-4444-444444444002', 'elective'),
('66666666-6666-6666-6666-666666666047', '22222222-2222-2222-2222-222222222002', '44444444-4444-4444-4444-444444444003', 'mandatory'),
('66666666-6666-6666-6666-666666666048', '22222222-2222-2222-2222-222222222003', '44444444-4444-4444-4444-444444444004', 'elective'),
('66666666-6666-6666-6666-666666666049', '22222222-2222-2222-2222-222222222004', '44444444-4444-4444-4444-444444444005', 'auditing'),
('66666666-6666-6666-6666-666666666050', '22222222-2222-2222-2222-222222222005', '44444444-4444-4444-4444-444444444006', 'mandatory'),
('66666666-6666-6666-6666-666666666051', '22222222-2222-2222-2222-222222222006', '44444444-4444-4444-4444-444444444007', 'elective'),
('66666666-6666-6666-6666-666666666052', '22222222-2222-2222-2222-222222222007', '44444444-4444-4444-4444-444444444008', 'auditing'),
('66666666-6666-6666-6666-666666666053', '22222222-2222-2222-2222-222222222008', '44444444-4444-4444-4444-444444444009', 'mandatory'),
('66666666-6666-6666-6666-666666666054', '22222222-2222-2222-2222-222222222009', '44444444-4444-4444-4444-444444444010', 'elective'),
('66666666-6666-6666-6666-666666666055', '22222222-2222-2222-2222-222222222010', '44444444-4444-4444-4444-444444444011', 'auditing'),
('66666666-6666-6666-6666-666666666056', '22222222-2222-2222-2222-222222222011', '44444444-4444-4444-4444-444444444012', 'mandatory'),
('66666666-6666-6666-6666-666666666057', '22222222-2222-2222-2222-222222222012', '44444444-4444-4444-4444-444444444013', 'elective'),
('66666666-6666-6666-6666-666666666058', '22222222-2222-2222-2222-222222222013', '44444444-4444-4444-4444-444444444014', 'auditing'),
('66666666-6666-6666-6666-666666666059', '22222222-2222-2222-2222-222222222014', '44444444-4444-4444-4444-444444444015', 'mandatory'),
('66666666-6666-6666-6666-666666666060', '22222222-2222-2222-2222-222222222015', '44444444-4444-4444-4444-444444444016', 'elective'),
('66666666-6666-6666-6666-666666666061', '22222222-2222-2222-2222-222222222001', '44444444-4444-4444-4444-444444444017', 'auditing'),
('66666666-6666-6666-6666-666666666062', '22222222-2222-2222-2222-222222222002', '44444444-4444-4444-4444-444444444018', 'mandatory'),
('66666666-6666-6666-6666-666666666063', '22222222-2222-2222-2222-222222222003', '44444444-4444-4444-4444-444444444019', 'elective'),
('66666666-6666-6666-6666-666666666064', '22222222-2222-2222-2222-222222222004', '44444444-4444-4444-4444-444444444020', 'auditing'),
('66666666-6666-6666-6666-666666666065', '22222222-2222-2222-2222-222222222005', '44444444-4444-4444-4444-444444444021', 'mandatory'),
('66666666-6666-6666-6666-666666666066', '22222222-2222-2222-2222-222222222006', '44444444-4444-4444-4444-444444444022', 'elective'),
('66666666-6666-6666-6666-666666666067', '22222222-2222-2222-2222-222222222007', '44444444-4444-4444-4444-444444444023', 'auditing'),
('66666666-6666-6666-6666-666666666068', '22222222-2222-2222-2222-222222222008', '44444444-4444-4444-4444-444444444024', 'mandatory'),
('66666666-6666-6666-6666-666666666069', '22222222-2222-2222-2222-222222222009', '44444444-4444-4444-4444-444444444025', 'elective'),
('66666666-6666-6666-6666-666666666070', '22222222-2222-2222-2222-222222222010', '44444444-4444-4444-4444-444444444026', 'auditing');



INSERT INTO t_course_lecturer (id, lecturer_id, course_id, period_start, period_end) VALUES
('77777777-7777-7777-7777-777777777001', '55555555-5555-5555-5555-555555555001', '44444444-4444-4444-4444-444444444001', '2021-01-01', '2021-06-30'),
('77777777-7777-7777-7777-777777777002', '55555555-5555-5555-5555-555555555002', '44444444-4444-4444-4444-444444444002', '2021-02-01', '2021-07-31'),
('77777777-7777-7777-7777-777777777003', '55555555-5555-5555-5555-555555555003', '44444444-4444-4444-4444-444444444003', '2022-01-01', '2022-06-30'),
('77777777-7777-7777-7777-777777777004', '55555555-5555-5555-5555-555555555004', '44444444-4444-4444-4444-444444444004', '2022-02-01', '2022-07-31'),
('77777777-7777-7777-7777-777777777005', '55555555-5555-5555-5555-555555555005', '44444444-4444-4444-4444-444444444005', '2023-01-01', '2023-06-30'),
('77777777-7777-7777-7777-777777777006', '55555555-5555-5555-5555-555555555006', '44444444-4444-4444-4444-444444444006', '2021-03-01', '2021-08-31'),
('77777777-7777-7777-7777-777777777007', '55555555-5555-5555-5555-555555555007', '44444444-4444-4444-4444-444444444007', '2022-03-01', '2022-08-31'),
('77777777-7777-7777-7777-777777777008', '55555555-5555-5555-5555-555555555008', '44444444-4444-4444-4444-444444444008', '2023-03-01', '2023-08-31'),
('77777777-7777-7777-7777-777777777009', '55555555-5555-5555-5555-555555555009', '44444444-4444-4444-4444-444444444009', '2021-04-01', '2021-09-30'),
('77777777-7777-7777-7777-777777777010', '55555555-5555-5555-5555-555555555010', '44444444-4444-4444-4444-444444444010', '2022-04-01', '2022-09-30'),
('77777777-7777-7777-7777-777777777011', '55555555-5555-5555-5555-555555555011', '44444444-4444-4444-4444-444444444011', '2023-04-01', '2023-09-30'),
('77777777-7777-7777-7777-777777777012', '55555555-5555-5555-5555-555555555012', '44444444-4444-4444-4444-444444444012', '2021-05-01', '2021-10-31'),
('77777777-7777-7777-7777-777777777013', '55555555-5555-5555-5555-555555555013', '44444444-4444-4444-4444-444444444013', '2022-05-01', '2022-10-31'),
('77777777-7777-7777-7777-777777777014', '55555555-5555-5555-5555-555555555014', '44444444-4444-4444-4444-444444444014', '2023-05-01', '2023-10-31'),
('77777777-7777-7777-7777-777777777015', '55555555-5555-5555-5555-555555555015', '44444444-4444-4444-4444-444444444015', '2021-06-01', '2021-11-30'),
('77777777-7777-7777-7777-777777777016', '55555555-5555-5555-5555-555555555001', '44444444-4444-4444-4444-444444444002', '2021-07-01', '2021-12-31'),
('77777777-7777-7777-7777-777777777017', '55555555-5555-5555-5555-555555555002', '44444444-4444-4444-4444-444444444003', '2022-07-01', '2022-12-31'),
('77777777-7777-7777-7777-777777777018', '55555555-5555-5555-5555-555555555003', '44444444-4444-4444-4444-444444444004', '2022-08-01', '2023-01-31'),
('77777777-7777-7777-7777-777777777019', '55555555-5555-5555-5555-555555555004', '44444444-4444-4444-4444-444444444005', '2023-08-01', '2024-01-31'),
('77777777-7777-7777-7777-777777777020', '55555555-5555-5555-5555-555555555005', '44444444-4444-4444-4444-444444444006', '2021-09-01', '2022-02-28'),
('77777777-7777-7777-7777-777777777021', '55555555-5555-5555-5555-555555555006', '44444444-4444-4444-4444-444444444007', '2022-09-01', '2023-02-28'),
('77777777-7777-7777-7777-777777777022', '55555555-5555-5555-5555-555555555007', '44444444-4444-4444-4444-444444444008', '2023-09-01', '2024-02-28'),
('77777777-7777-7777-7777-777777777023', '55555555-5555-5555-5555-555555555008', '44444444-4444-4444-4444-444444444009', '2021-10-01', '2022-03-31'),
('77777777-7777-7777-7777-777777777024', '55555555-5555-5555-5555-555555555009', '44444444-4444-4444-4444-444444444010', '2022-10-01', '2023-03-31'),
('77777777-7777-7777-7777-777777777025', '55555555-5555-5555-5555-555555555010', '44444444-4444-4444-4444-444444444011', '2023-10-01', '2024-03-31'),
('77777777-7777-7777-7777-777777777026', '55555555-5555-5555-5555-555555555011', '44444444-4444-4444-4444-444444444012', '2021-11-01', '2022-04-30'),
('77777777-7777-7777-7777-777777777027', '55555555-5555-5555-5555-555555555012', '44444444-4444-4444-4444-444444444013', '2022-11-01', '2023-04-30'),
('77777777-7777-7777-7777-777777777028', '55555555-5555-5555-5555-555555555013', '44444444-4444-4444-4444-444444444014', '2023-11-01', '2024-04-30'),
('77777777-7777-7777-7777-777777777029', '55555555-5555-5555-5555-555555555014', '44444444-4444-4444-4444-444444444015', '2021-12-01', '2022-05-31'),
('77777777-7777-7777-7777-777777777030', '55555555-5555-5555-5555-555555555015', '44444444-4444-4444-4444-444444444001', '2022-12-01', '2023-05-31'),
('77777777-7777-7777-7777-777777777031', '55555555-5555-5555-5555-555555555016', '44444444-4444-4444-4444-444444444016', '2022-01-10', '2022-06-10'),
('77777777-7777-7777-7777-777777777032', '55555555-5555-5555-5555-555555555017', '44444444-4444-4444-4444-444444444017', '2022-02-05', '2022-07-05'),
('77777777-7777-7777-7777-777777777033', '55555555-5555-5555-5555-555555555018', '44444444-4444-4444-4444-444444444018', '2022-03-01', '2022-08-01'),
('77777777-7777-7777-7777-777777777034', '55555555-5555-5555-5555-555555555019', '44444444-4444-4444-4444-444444444019', '2022-03-15', '2022-08-15'),
('77777777-7777-7777-7777-777777777035', '55555555-5555-5555-5555-555555555020', '44444444-4444-4444-4444-444444444020', '2022-04-01', '2022-09-01'),
('77777777-7777-7777-7777-777777777036', '55555555-5555-5555-5555-555555555016', '44444444-4444-4444-4444-444444444021', '2022-04-15', '2022-09-15'),
('77777777-7777-7777-7777-777777777037', '55555555-5555-5555-5555-555555555017', '44444444-4444-4444-4444-444444444022', '2022-05-01', '2022-10-01'),
('77777777-7777-7777-7777-777777777038', '55555555-5555-5555-5555-555555555018', '44444444-4444-4444-4444-444444444023', '2022-05-15', '2022-10-15'),
('77777777-7777-7777-7777-777777777039', '55555555-5555-5555-5555-555555555019', '44444444-4444-4444-4444-444444444024', '2022-06-01', '2022-11-01'),
('77777777-7777-7777-7777-777777777040', '55555555-5555-5555-5555-555555555020', '44444444-4444-4444-4444-444444444025', '2022-06-15', '2022-11-15'),
('77777777-7777-7777-7777-777777777041', '55555555-5555-5555-5555-555555555016', '44444444-4444-4444-4444-444444444026', '2022-07-01', '2022-12-01'),
('77777777-7777-7777-7777-777777777042', '55555555-5555-5555-5555-555555555017', '44444444-4444-4444-4444-444444444027', '2022-07-15', '2022-12-15'),
('77777777-7777-7777-7777-777777777043', '55555555-5555-5555-5555-555555555018', '44444444-4444-4444-4444-444444444028', '2022-08-01', '2023-01-01'),
('77777777-7777-7777-7777-777777777044', '55555555-5555-5555-5555-555555555019', '44444444-4444-4444-4444-444444444029', '2022-08-15', '2023-01-15'),
('77777777-7777-7777-7777-777777777045', '55555555-5555-5555-5555-555555555020', '44444444-4444-4444-4444-444444444030', '2022-09-01', '2023-02-01');